Feature,SHAP_Importance
Half_Life_Days,1.2686667843200155
MW_Da,0.44212703076789855
LogP,0.31273158776495597
Docking_Affinity_kcal,0.12584901807818538
