Feature,SHAP_Importance
Docking_Affinity_kcal,0.16563496211980666
LogP,0.031814025349354416
Half_Life_Days,0.01244614755927691
MW_Da,0.008241449962667503
