Feature,SHAP_Importance
Docking_Affinity_kcal,0.16402976215223503
LogP,0.03538243667085188
Half_Life_Days,0.014504454287733812
MW_Da,0.009867344909425466
