Feature,SHAP_Importance
Docking_Affinity_kcal,0.12974942970622683
LogP,0.03743028194856249
Half_Life_Days,0.018546220720760766
MW_Da,0.006714404700728752
